Sample,Date,Month,Site,Location,Meter,Sediment,Mean.fw.um,Sd.fw.um,Skewness.fw.um,Kurtosis.fw.um,Mean.fw.phi,Sd.fw.phi,Skewness.fw.phi,Kurtosis.fw.phi,D10(um),D50(um),D90(um),D90/D10,D90-D10,D75/D25,D75-D25,Trask(So),Krumbein(Qd),Texture,Boulder,Gravel,Sand,mud,boulder,vcgravel,cgravel,mgravel,fgravel,vfgravel,vcsand,csand,msand,fsand,vfsand,vcsilt,silt
CL24.10.09.2021,10.09.2021,October,CL,End,24,"Medium Sand,Moderately Sorted,Coarse Skewed,Leptokurtic",1165.026,1.628,0.241,1.205,1.151,0.703,-0.241,1.205,905.09,442.495,277.19,0.306,-627.9,0.539,-282.099,1.362,-0.445,Slightly Gravelly Sand,0,3.524,96.454,0.022,0,0,0,0,0.585,2.94,4.671,31.356,59.278,1.118,0.03,0,0.022
CL12.10.09.2021,10.09.2021,October,CL,Mid,12,"Medium Sand,Moderately Well Sorted,Coarse Skewed,Mesokurtic",1106.938,1.497,0.11,0.904,1.192,0.582,-0.11,0.904,717.334,435.232,272.257,0.38,-445.077,0.551,-265.065,1.348,-0.431,Slightly Gravelly Sand,0,1.543,98.429,0.027,0,0,0,0,0.197,1.346,2.714,33.915,59.1,2.661,0.04,0,0.027
CL1.10.09.2021,10.09.2021,October,CL,Start,1,"Medium Sand,Moderately Sorted,Coarse Skewed,Leptokurtic",942.061,1.88,0.204,1.307,1.223,0.91,-0.204,1.307,1063.85,403.76,206.267,0.194,-857.583,0.477,-316.805,1.449,-0.535,Slightly Gravelly Sand,0,3.729,95.311,0.961,0,0,0,0,2.049,1.68,6.886,23.498,51.509,11.329,2.088,0,0.961
LL25.10.09.2021,10.09.2021,October,LL,End,25,"Medium Sand,Very Poorly Sorted,Symmetrical,Mesokurtic",235.16,8.805,0.008,0.935,1.404,3.138,-0.008,0.935,4699.552,286.691,12.012,0.003,-4687.54,0.038,-2185.98,5.161,-2.368,Gravelly Muddy Sand,0,27.69,55.707,16.603,0,0,0,0,13.03,14.66,10.726,6.738,6.039,7.78,24.423,0,16.603
LL13.5.10.09.2021,10.09.2021,October,LL,Mid,13.5,"Medium Sand,Very Poorly Sorted,Symmetrical,Platykurtic",136.701,10.863,-0.007,0.884,1.602,3.441,0.007,0.884,5374.248,259.011,8.752,0.002,-5365.496,0.028,-2720.086,5.979,-2.58,Muddy Sandy Gravel,0,32.123,48.876,19,0,0,0,0,17.424,14.7,8.438,5.084,4.589,6.413,24.352,0,19
LL3.10.09.2021,10.09.2021,October,LL,Start,3,"Very Coarse Sand,Very Poorly Sorted,Very Fine Skewed,Platykurtic",3250.362,5.892,-0.403,0.693,-0.004,2.559,0.403,0.693,6303.792,1600.367,80.622,0.013,-6223.17,0.043,-4221.747,4.849,-2.278,Muddy Sandy Gravel,0,47.242,46.893,5.865,0,0,0,0,29.088,18.153,8.577,5.814,7.393,10.342,14.766,0,5.865
Poco23.10.09.2021,10.09.2021,October,Poco,End,23,"Medium Sand,Very Poorly Sorted,Fine Skewed,Mesokurtic",356.834,8.865,-0.127,1.107,1.192,3.148,0.127,1.107,4904.711,421.857,12.153,0.002,-4892.558,0.062,-2026.791,4.01,-2.004,Gravelly Muddy Sand,0,26.364,57.11,16.526,0,0,0,0,14.168,12.196,9.177,10.384,16.625,11.072,9.853,0,16.526
Poco15.10.09.2021,10.09.2021,October,Poco,Mid,15,"Medium Sand,Very Poorly Sorted,Symmetrical,Leptokurtic",392.917,7.19,-0.08,1.32,1.246,2.846,0.08,1.32,3813.061,377.975,18.974,0.005,-3794.087,0.109,-1305.719,3.035,-1.602,Gravelly Muddy Sand,0,20.495,65.46,14.045,0,0,0,0,9.222,11.273,10.026,11.077,20.815,13.849,9.693,0,14.045
Poco6.10.09.2021,10.09.2021,October,Poco,Start,6,"Fine Sand,Very Poorly Sorted,Very Fine Skewed,Mesokurtic",33.553,10.286,-0.316,1.031,2.621,3.363,0.316,1.031,2193.485,268.359,4.448,0.002,-2189.037,0.054,-755.926,4.299,-2.104,Gravelly Muddy Sand,0,11.226,61.29,27.484,0,0,0,0,2.023,9.203,10.292,12.647,17.638,14.83,5.883,0,27.484
RH23.10.09.2021,10.09.2021,October,RH,End,23,"Fine Sand,Very Poorly Sorted,Symmetrical,Mesokurtic",45.735,11.616,-0.035,0.957,2.253,3.538,0.035,0.957,3797.083,188.924,5.831,0.002,-3791.252,0.037,-1765.305,5.227,-2.386,Gravelly Muddy Sand,0,23.726,52.955,23.319,0,0,0,0,8.885,14.841,10.088,6.866,5.455,6.866,23.68,0,23.319
RH10.10.09.2021,10.09.2021,October,RH,Mid,10,"Medium Sand,Very Poorly Sorted,Fine Skewed,Mesokurtic",329.763,9.481,-0.179,0.938,1.216,3.245,0.179,0.938,4997.477,462.393,10.826,0.002,-4986.65,0.037,-2348.797,5.229,-2.387,Gravelly Muddy Sand,0,29.107,53.573,17.321,0,0,0,0,14.732,14.375,12.065,7.946,7.824,6.268,19.47,0,17.321
RH2.10.09.2021,10.09.2021,October,RH,Start,2,"Very Coarse Sand,Very Poorly Sorted,Very Fine Skewed,Mesokurtic",4318.547,8.511,-0.65,0.971,-0.174,3.089,0.65,0.971,6723.617,2566.69,28.953,0.004,-6694.663,0.047,-4935.472,4.598,-2.201,Muddy Sandy Gravel,0,55.691,32.015,12.294,0,0,0,0,39.878,15.813,9.284,5.407,4.443,4.333,8.548,0,12.294
CAF24.5.28.2021,5.28.2021,May,CAF,End,24,"Medium Sand,Moderately Well Sorted,Coarse Skewed,Mesokurtic",1080.722,1.557,0.263,1.097,1.197,0.638,-0.263,1.097,830.287,420.13,275.698,0.332,-554.589,0.56,-254.196,1.337,-0.419,Slightly Gravelly Sand,0,1.112,98.863,0.025,0,0,0,0,0.049,1.063,5.623,26.739,65.817,0.576,0.108,0,0.025
CAF7.5.28.2021,5.28.2021,May,CAF,Mid,7,"Medium Sand,Moderately Sorted,Very Coarse Skewed,Mesokurtic",1234.393,1.762,0.401,1.106,1.036,0.817,-0.401,1.106,1265.654,430.826,276.732,0.219,-988.922,0.497,-330.069,1.418,-0.504,Slightly Gravelly Sand,0,2.594,97.39,0.016,0,0,0,0,0.134,2.46,11.22,22.731,62.635,0.481,0.323,0,0.016
CAF2.5.28.2021,5.28.2021,May,CAF,Start,2,"Medium Sand,Moderately Sorted,Coarse Skewed,Very Leptokurtic",708.078,2,0.279,1.926,1.4,1,-0.279,1.926,1199.194,358.789,185.696,0.155,-1013.498,0.555,-214.046,1.342,-0.424,Gravelly Sand,0,5.892,93.748,0.36,0,0,0,0,3.163,2.729,5.567,10.324,58.934,15.534,3.389,0,0.36
Cal23.5.28.2021,5.28.2021,May,Cal,End,23,"Coarse Sand,Poorly Sorted,Very Coarse Skewed,Leptokurtic",1140.872,2.195,0.44,1.47,0.997,1.134,-0.44,1.47,1791.368,404.566,249.524,0.139,-1541.843,0.461,-350.431,1.473,-0.559,Gravelly Sand,0,8.488,91.503,0.009,0,0,0,0,2.514,5.974,9.511,14.415,57.553,8.473,1.551,0,0.009
Cal12.5.5.28.2021,5.28.2021,May,Cal,Mid,12.5,"Medium Sand,Poorly Sorted,Very Coarse Skewed,Leptokurtic",1123.626,2.035,0.347,1.333,1.053,1.025,-0.347,1.333,1513.662,414.928,251.54,0.166,-1262.122,0.458,-359.35,1.478,-0.564,Gravelly Sand,0,6.018,93.719,0.264,0,0,0,0,1.009,5.009,9.907,19.17,55.396,6.982,2.263,0,0.264
Cal1.5.28.2021,5.28.2021,May,Cal,Start,1,"Medium Sand,Poorly Sorted,Very Coarse Skewed,Leptokurtic",979.093,2.074,0.364,1.484,1.132,1.052,-0.364,1.484,1497.298,388.06,208.551,0.139,-1288.747,0.482,-307.047,1.44,-0.526,Gravelly Sand,0,6.193,93.19,0.616,0,0,0,0,0.855,5.339,9.114,13.944,56.742,10.994,2.395,0,0.616
Kelly25.5.28.2021,5.28.2021,May,Kelly,End,25,"Medium Sand,Poorly Sorted,Very Coarse Skewed,Very Leptokurtic",946.311,2.091,0.46,2.513,1.216,1.064,-0.46,2.513,1579.784,381.751,253.841,0.161,-1325.943,0.6,-196.84,1.291,-0.368,Gravelly Sand,0,8.226,91.664,0.11,0,0,0,0,6.006,2.22,5.213,10.11,67.945,7.302,1.093,0,0.11
Kelly20.5.5.28.2021,5.28.2021,May,Kelly,Mid,20.5,"Medium Sand,Moderately Sorted,Very Coarse Skewed,Mesokurtic",1220.418,1.775,0.345,1.077,1.048,0.828,-0.345,1.077,1223.092,438.288,268.679,0.22,-954.413,0.481,-348.891,1.443,-0.529,Slightly Gravelly Sand,0,2.958,97.006,0.036,0,0,0,0,0.261,2.697,9.926,26.348,56.658,2.993,1.081,0,0.036
Kelly17.5.28.2021,5.28.2021,May,Kelly,Start,17,"Coarse Sand,Moderately Sorted,Very Coarse Skewed,Leptokurtic",1305.792,1.997,0.357,1.156,0.955,0.998,-0.357,1.156,1562.639,448.001,262.303,0.168,-1300.337,0.433,-420.643,1.521,-0.605,Gravelly Sand,0,6.008,93.921,0.071,0,0,0,0,1.514,4.495,11.212,24.574,51.796,5.41,0.929,0,0.071
CAF24.6.07.2021,6.07.2021,June,CAF,End,24,"Coarse Sand,Poorly Sorted,Very Coarse Skewed,Mesokurtic",1112.909,2.808,0.302,0.98,0.888,1.49,-0.302,0.98,2621.852,453.729,175.749,0.067,-2446.103,0.247,-793.107,2.013,-1.009,Gravelly Sand,0,12.727,86.708,0.565,0,0,0,0,5.745,6.983,13.259,19.659,31.083,18.739,3.968,0,0.565
CAF6.6.07.2021,6.07.2021,June,CAF,Mid,6,"Coarse Sand,Moderately Sorted,Coarse Skewed,Mesokurtic",1509.34,1.873,0.264,0.974,0.888,0.905,-0.264,0.974,1468.158,496.503,271.461,0.185,-1196.697,0.426,-458.524,1.532,-0.615,Slightly Gravelly Sand,0,4.133,95.753,0.114,0,0,0,0,0.382,3.751,13.155,32.247,45.921,4.058,0.372,0,0.114
CAF3.6.07.2021,6.07.2021,June,CAF,Start,3,"Medium Sand,Moderately Sorted,Symmetrical,Leptokurtic",537.874,1.924,-0.057,1.487,1.574,0.944,0.057,1.487,736.939,342.732,156.467,0.212,-580.471,0.514,-230.938,1.395,-0.48,Slightly Gravelly Sand,0,1.181,97.307,1.512,0,0,0,0,0.094,1.087,4.191,15.685,53.121,16.8,7.51,0,1.512
Cal25.6.07.2021,6.07.2021,June,Cal,End,25,"Medium Sand,Moderately Sorted,Coarse Skewed,Leptokurtic",1191.839,1.957,0.255,1.181,1.036,0.968,-0.255,1.181,1396.496,441.102,251.773,0.18,-1144.723,0.441,-393.99,1.506,-0.591,Slightly Gravelly Sand,0,4.794,95.121,0.085,0,0,0,0,1.257,3.537,10.047,26.219,49.444,7.585,1.826,0,0.085
Cal12.5.6.07.2021,6.07.2021,June,Cal,Mid,12.5,"Coarse Sand,Poorly Sorted,Coarse Skewed,Platykurtic",2145.749,2.02,0.242,0.882,0.624,1.014,-0.242,0.882,1769.342,586.352,291.8,0.165,-1477.542,0.362,-669.611,1.662,-0.733,Gravelly Sand,0,6.479,93.52,0.001,0,0,0,0,0.54,5.938,19.917,33.07,39.299,1.125,0.109,0,0.001
Cal2.6.07.2021,6.07.2021,June,Cal,Start,2,"Medium Sand,Moderately Sorted,Coarse Skewed,Very Leptokurtic",768.307,1.892,0.256,1.587,1.352,0.92,-0.256,1.587,1062.582,370.074,196.232,0.185,-866.35,0.534,-237.076,1.368,-0.452,Slightly Gravelly Sand,0,4.62,95.213,0.167,0,0,0,0,1.047,3.572,5.897,15.018,56.356,16.661,1.28,0,0.167
Kelly24.6.07.2021,6.07.2021,June,Kelly,End,24,"Medium Sand,Moderately Sorted,Coarse Skewed,Leptokurtic",1078.56,1.859,0.17,1.151,1.126,0.894,-0.17,1.151,1083.105,430.228,227.585,0.21,-855.52,0.459,-355.253,1.476,-0.561,Slightly Gravelly Sand,0,1.523,98.194,0.283,0,0,0,0,0.129,1.394,9.58,28.316,48.797,9.449,2.053,0,0.283
Kelly8.5.6.07.2021,6.07.2021,June,Kelly,Mid,8.5,"Medium Sand,Moderately Sorted,Coarse Skewed,Leptokurtic",950.277,1.891,0.259,1.31,1.199,0.919,-0.259,1.31,1153.936,395.443,212.32,0.184,-941.616,0.485,-306.891,1.436,-0.522,Slightly Gravelly Sand,0,2.988,96.724,0.287,0,0,0,0,0.645,2.344,8.837,19.533,55.078,10.854,2.423,0,0.287
Kelly1.6.07.2021,6.07.2021,June,Kelly,Start,1,"Medium Sand,Poorly Sorted,Coarse Skewed,Leptokurtic",1105.383,2.071,0.156,1.15,1.064,1.05,-0.156,1.15,1365.494,435.687,193.069,0.141,-1172.425,0.4,-440.965,1.582,-0.661,Slightly Gravelly Sand,0,3.165,96.484,0.351,0,0,0,0,0.523,2.642,12.414,25.69,43.957,9.193,5.23,0,0.351
AB25.6.20.2021,6.20.2021,June,AB,End,25,"Coarse Sand,Poorly Sorted,Very Coarse Skewed,Leptokurtic",1765.945,3.172,0.547,1.466,0.462,1.665,-0.547,1.466,5090.325,446.536,236.017,0.046,-4854.308,0.372,-517.721,1.639,-0.712,Gravelly Sand,0,17.39,82.198,0.412,0,0,0,0,15.332,2.059,4.662,20.387,46.344,10.523,0.283,0,0.412
AB18.5.6.20.2021,6.20.2021,June,AB,Mid,18.5,"Coarse Sand,Poorly Sorted,Very Coarse Skewed,Platykurtic",3622.865,3.113,0.429,0.784,0.017,1.638,-0.429,0.784,5464.598,672.868,289.188,0.053,-5175.41,0.184,-1784.061,2.332,-1.222,Gravelly Sand,0,26.003,73.928,0.069,0,0,0,0,18.186,7.817,12.463,26.589,31.579,3.087,0.21,0,0.069
AB10.6.20.2021,6.20.2021,June,AB,Start,10,"Coarse Sand,Poorly Sorted,Very Coarse Skewed,Very Platykurtic",3298.621,3.636,0.313,0.607,0.008,1.863,-0.313,0.607,6078.658,690.505,234.978,0.039,-5843.68,0.082,-3694.239,3.483,-1.8,Sandy Gravel,0,36.177,63.214,0.609,0,0,0,0,25.237,10.94,9.308,9.286,34.208,8.2,2.212,0,0.609
Brid23.6.20.2021,6.20.2021,June,Brid,End,23,"Coarse Sand,Poorly Sorted,Very Coarse Skewed,Platykurtic",1918.176,2.76,0.591,0.851,0.483,1.465,-0.591,0.851,3929.853,469.441,272.597,0.069,-3657.256,0.226,-1146.508,2.105,-1.074,Gravelly Sand,0,20.16,79.473,0.368,0,0,0,0,9.734,10.426,11.161,14.038,51.009,1.149,2.115,0,0.368
Brid13.6.20.2021,6.20.2021,June,Brid,Mid,13,"Coarse Sand,Poorly Sorted,Very Coarse Skewed,Very Platykurtic",3256.382,3.567,0.376,0.593,0.009,1.835,-0.376,0.593,6132.557,651.757,257.465,0.042,-5875.092,0.083,-3775.606,3.478,-1.798,Sandy Gravel,0,34.926,64.91,0.163,0,0,0,0,26.075,8.851,9.235,10.16,37.26,6.169,2.086,0,0.163
Brid2.6.20.2021,6.20.2021,June,Brid,Start,2,"Coarse Sand,Poorly Sorted,Very Coarse Skewed,Mesokurtic",2412.548,3.104,0.616,1.052,0.234,1.634,-0.616,1.052,5237.648,494.513,280.886,0.054,-4956.762,0.287,-864.026,1.868,-0.901,Gravelly Sand,0,20.538,79.454,0.008,0,0,0,0,16.364,4.174,6.167,22.514,49.018,1.709,0.046,0,0.008
CAF25.7.15.2021,7.15.2021,July,CAF,End,25,"Medium Sand,Moderately Sorted,Very Coarse Skewed,Leptokurtic",1265.467,1.745,0.35,1.169,1.04,0.803,-0.35,1.169,1250.491,444.808,278.239,0.223,-972.251,0.511,-318.051,1.4,-0.485,Slightly Gravelly Sand,0,3.399,96.59,0.011,0,0,0,0,0,3.399,9.744,26.885,59.097,0.839,0.025,0,0.011
CAF8.7.15.2021,7.15.2021,July,CAF,Mid,8,"Coarse Sand,Moderately Sorted,Very Coarse Skewed,Leptokurtic",1687.371,1.946,0.337,1.251,0.809,0.961,-0.337,1.251,1659.419,511.787,288.017,0.174,-1371.402,0.48,-387.974,1.444,-0.53,Gravelly Sand,0,6.89,93.096,0.013,0,0,0,0,1.272,5.619,11.546,33.266,48.127,0.108,0.049,0,0.013
CAF1.7.15.2021,7.15.2021,July,CAF,Start,1,"Coarse Sand,Moderately Sorted,Coarse Skewed,Leptokurtic",2231.251,1.752,0.125,1.253,0.704,0.809,-0.125,1.253,1473.575,604.617,315.049,0.214,-1158.526,0.531,-394.975,1.373,-0.457,Slightly Gravelly Sand,0,4.492,95.497,0.011,0,0,0,0,0.409,4.083,12.498,53.195,29.737,0.024,0.044,0,0.011
Cal22.7.15.2021,7.15.2021,July,Cal,End,22,"Coarse Sand,Moderately Sorted,Very Coarse Skewed,Leptokurtic",1300.575,1.997,0.508,1.277,0.937,0.998,-0.508,1.277,1687.518,425.66,273.148,0.162,-1414.371,0.477,-353.74,1.448,-0.534,Gravelly Sand,0,7.364,92.623,0.014,0,0,0,0,1.087,6.277,10.756,17.367,62.498,1.824,0.178,0,0.014
Cal17.7.15.2021,7.15.2021,July,Cal,Mid,17,"Coarse Sand,Moderately Sorted,Very Coarse Skewed,Leptokurtic",1326.866,1.99,0.479,1.412,0.954,0.993,-0.479,1.412,1823.44,439.288,276.831,0.152,-1546.609,0.491,-340.896,1.427,-0.513,Gravelly Sand,0,8.986,90.998,0.016,0,0,0,0,2.315,6.671,7.604,22.196,60.046,1.089,0.064,0,0.016
Cal3.7.15.2021,7.15.2021,July,Cal,Start,3,"Coarse Sand,Poorly Sorted,Very Coarse Skewed,Leptokurtic",1558.638,2.169,0.496,1.12,0.785,1.117,-0.496,1.12,2023.755,463.216,278.247,0.137,-1745.509,0.391,-524.458,1.599,-0.677,Gravelly Sand,0,10.114,89.828,0.057,0,0,0,0,3.405,6.709,11.577,22.312,54.398,1.417,0.125,0,0.057
Kelly18.7.15.2021,7.15.2021,July,Kelly,End,18,"Medium Sand,Moderately Well Sorted,Very Coarse Skewed,Leptokurtic",937.981,1.498,0.303,1.324,1.304,0.583,-0.303,1.324,705.971,389.169,271.341,0.384,-434.631,0.637,-176.926,1.253,-0.325,Slightly Gravelly Sand,0,2.138,97.821,0.041,0,0,0,0,0.285,1.854,3.386,16.682,76.88,0.49,0.383,0,0.041
Kelly8.5.7.15.2021,7.15.2021,July,Kelly,Mid,8.5,"Medium Sand,Well Sorted,Coarse Skewed,Mesokurtic",808.742,1.313,0.125,0.984,1.447,0.392,-0.125,0.984,499.74,366.874,269.333,0.539,-230.407,0.68,-142.62,1.213,-0.279,Slightly Gravelly Sand,0,0.918,99.05,0.032,0,0,0,0,0.221,0.697,1.319,7.695,89.707,0.249,0.079,0,0.032
Kelly2.7.15.2021,7.15.2021,July,Kelly,Start,2,"Medium Sand,Moderately Sorted,Coarse Skewed,Leptokurtic",1174.125,1.629,0.282,1.13,1.13,0.704,-0.282,1.13,938.124,437.189,278.604,0.297,-659.519,0.532,-289.842,1.371,-0.455,Slightly Gravelly Sand,0,2.535,97.432,0.033,0,0,0,0,0.334,2.201,5.926,29.622,61.535,0.239,0.11,0,0.033
AB23.7.16.2021,7.16.2021,July,AB,End,23,"Very Coarse Sand,Poorly Sorted,Very Coarse Skewed,Very Platykurtic",4390.533,3.377,0.431,0.531,-0.174,1.756,-0.431,0.531,6629.063,726.675,298.459,0.045,-6330.604,0.079,-4605.025,3.557,-1.831,Sandy Gravel,0,39.901,60.097,0.003,0,0,0,0,36.874,3.027,5.344,17.206,37.01,0.503,0.034,0,0.003
AB15.5.7.16.2021,7.16.2021,July,AB,Mid,15.5,"Coarse Sand,Poorly Sorted,Very Coarse Skewed,Leptokurtic",1549.535,2.572,0.425,1.248,0.731,1.363,-0.425,1.248,2885.12,468.318,254.211,0.088,-2630.909,0.341,-617.773,1.712,-0.776,Gravelly Sand,0,13.4,86.058,0.542,0,0,0,0,6.968,6.432,10.16,22.154,45.379,6.33,2.034,0,0.542
AB5.7.16.2021,7.16.2021,July,AB,Start,5,"Very Coarse Sand,Poorly Sorted,Very Coarse Skewed,Very Platykurtic",4020.489,3.232,0.461,0.575,-0.09,1.692,-0.461,0.575,6111.047,683.698,301.923,0.049,-5809.124,0.099,-3675.289,3.175,-1.667,Sandy Gravel,0,32.645,67.348,0.007,0,0,0,0,25.735,6.91,9.795,21.723,35.502,0.308,0.019,0,0.007
Brid25.7.16.2021,7.16.2021,July,Brid,End,25,"Very Coarse Sand,Poorly Sorted,Fine Skewed,Very Platykurtic",15337.059,3.334,-0.266,0.547,-0.796,1.737,0.266,0.547,6888.099,2229.902,318.17,0.046,-6569.929,0.086,-5031.406,3.415,-1.772,Sandy Gravel,0,50.685,49.304,0.011,0,0,0,0,46.319,4.366,5.194,16.907,26.395,0.768,0.04,0,0.011
Brid12.7.16.2021,7.16.2021,July,Brid,Mid,12,"Medium Sand,Moderately Sorted,Very Coarse Skewed,Very Leptokurtic",1235.666,1.922,0.407,1.709,1.077,0.942,-0.407,1.709,1440.584,443.949,279.644,0.194,-1160.94,0.525,-301.32,1.381,-0.465,Gravelly Sand,0,7.871,92.122,0.007,0,0,0,0,4.874,2.998,4.497,27.342,59.988,0.112,0.183,0,0.007
Brid2.7.16.2021,7.16.2021,July,Brid,Start,2,"Coarse Sand,Poorly Sorted,Very Coarse Skewed,Leptokurtic",1782.051,2.439,0.537,1.477,0.654,1.286,-0.537,1.477,3592.091,483.892,283.084,0.079,-3309.007,0.431,-456.178,1.522,-0.606,Gravelly Sand,0,14.602,85.374,0.024,0,0,0,0,9.155,5.448,6.674,26.28,51.716,0.548,0.155,0,0.024
Poco17.7.26.2021,7.26.2021,July,Poco,End,17,"Coarse Sand,Moderately Well Sorted,Symmetrical,Leptokurtic",1948.971,1.563,-0.045,1.38,0.847,0.645,0.045,1.38,940.636,579.714,311.766,0.331,-628.87,0.628,-260.495,1.262,-0.335,Slightly Gravelly Sand,0,1.963,97.997,0.039,0,0,0,0,0.933,1.03,5.144,62.378,30.104,0.34,0.031,0,0.039
Poco12.5.7.26.2021,7.26.2021,July,Poco,Mid,12.5,"Fine Sand,Very Poorly Sorted,Fine Skewed,Very Leptokurtic",127.952,4.716,-0.252,1.684,2.222,2.238,0.252,1.684,976.629,242.245,12.837,0.013,-963.792,0.219,-361.989,2.139,-1.097,Slightly Gravelly Muddy Sand,0,4.332,79.493,16.175,0,0,0,0,1.343,2.989,5.299,12.42,26.77,18.623,16.381,0,16.175
Poco7.7.26.2021,7.26.2021,July,Poco,Start,7,"Coarse Sand,Moderately Sorted,Coarse Skewed,Leptokurtic",1697.414,1.754,0.131,1.426,0.899,0.811,-0.131,1.426,1124.072,546.986,293.409,0.261,-830.663,0.547,-314.97,1.352,-0.435,Gravelly Sand,0,5.309,94.661,0.03,0,0,0,0,2.957,2.353,5.643,48.38,39.879,0.723,0.036,0,0.03
RH24.7.26.2021,7.26.2021,July,RH,End,24,"Medium Sand,Moderately Well Sorted,Symmetrical,Mesokurtic",1415.721,1.539,-0.026,1.013,1.05,0.622,0.026,1.013,872.574,507.972,286.259,0.328,-586.315,0.548,-293.935,1.351,-0.434,Slightly Gravelly Sand,0,1.71,98.269,0.021,0,0,0,0,0.746,0.964,4.309,45.586,47.719,0.64,0.015,0,0.021
RH13.7.26.2021,7.26.2021,July,RH,Mid,13,"Fine Sand,Very Poorly Sorted,Very Fine Skewed,Very Leptokurtic",120.858,4.201,-0.323,1.663,2.325,2.071,0.323,1.663,744.459,236.53,13.229,0.018,-731.23,0.231,-322.85,2.082,-1.058,Slightly Gravelly Muddy Sand,0,3.07,80.941,15.989,0,0,0,0,0.998,2.072,3.623,10.511,30.85,17.483,18.475,0,15.989
RH2.7.26.2021,7.26.2021,July,RH,Start,2,"Fine Sand,Very Poorly Sorted,Symmetrical,Very Leptokurtic",58.271,5.723,0.084,1.833,2.566,2.517,-0.084,1.833,1768.642,135.541,11.04,0.006,-1757.603,0.211,-282.251,2.175,-1.121,Gravelly Muddy Sand,0,9.215,73.604,17.181,0,0,0,0,3.808,5.406,4.427,5.907,11.298,14.244,37.728,0,17.181
AB23.8.14.2021,8.14.2021,August,AB,End,23,"Coarse Sand,Poorly Sorted,Coarse Skewed,Platykurtic",1503.319,3.868,0.209,0.762,0.519,1.952,-0.209,0.762,4762.256,553.398,159.205,0.033,-4603.05,0.111,-1746.942,3,-1.585,Gravelly Sand,0,24.603,74.061,1.337,0,0,0,0,13.363,11.24,15.746,10.917,17.321,23.611,6.466,0,1.337
AB12.8.14.2021,8.14.2021,August,AB,Mid,12,"Coarse Sand,Poorly Sorted,Very Coarse Skewed,Leptokurtic",1271.67,2.318,0.382,1.261,0.907,1.213,-0.382,1.261,2004.546,439.213,228.385,0.114,-1776.161,0.387,-480.973,1.608,-0.686,Gravelly Sand,0,10.022,89.978,0,0,0,0,0,3.457,6.564,9.634,21.607,46.724,11.079,0.934,0,0
AB1.8.14.2021,8.14.2021,August,AB,Start,1,"Very Coarse Sand,Poorly Sorted,Fine Skewed,Very Platykurtic",12960.461,3.5,-0.221,0.606,-0.714,1.807,0.221,0.606,6879.074,1971.716,282.682,0.041,-6596.392,0.092,-4981.799,3.301,-1.723,Sandy Gravel,0,49.836,50.046,0.118,0,0,0,0,45.917,3.919,7.991,17.374,17.987,6.322,0.372,0,0.118
Brid19.8.14.2021,8.14.2021,August,Brid,End,19,"Medium Sand,Poorly Sorted,Coarse Skewed,Leptokurtic",612.995,2.781,0.223,1.392,1.334,1.476,-0.223,1.392,1887.464,348.517,154.336,0.082,-1733.128,0.324,-436.656,1.756,-0.813,Gravelly Sand,0,9.43,87.089,3.481,0,0,0,0,4.314,5.115,6.825,16.043,33.998,24.454,5.769,0,3.481
Brid10.5.8.14.2021,8.14.2021,August,Brid,Mid,10.5,"Medium Sand,Poorly Sorted,Symmetrical,Very Leptokurtic",261.412,3.436,0.091,1.546,1.776,1.781,-0.091,1.546,1365.168,238.022,75.921,0.056,-1289.247,0.29,-397.248,1.856,-0.892,Slightly Gravelly Sand,0,4.247,88.595,7.157,0,0,0,0,1.443,2.804,10.442,12.319,19.77,32.644,13.42,0,7.157
Brid1.8.14.2021,8.14.2021,August,Brid,Start,1,"Fine Sand,Very Poorly Sorted,Fine Skewed,Very Leptokurtic",153.205,4.61,-0.109,1.856,2.094,2.205,0.109,1.856,1218.868,228.176,22.345,0.018,-1196.522,0.254,-358.781,1.985,-0.989,Gravelly Muddy Sand,0,6.047,80.642,13.311,0,0,0,0,1.315,4.732,5.533,12.203,21.472,25.849,15.585,0,13.311
CAF24.8.14.2021,8.14.2021,August,CAF,End,24,"Medium Sand,Moderately Sorted,Coarse Skewed,Leptokurtic",929.122,1.914,0.217,1.195,1.205,0.937,-0.217,1.195,1147.76,401.211,199.815,0.174,-947.945,0.455,-338.419,1.483,-0.568,Slightly Gravelly Sand,0,2.542,96.858,0.601,0,0,0,0,0.138,2.404,9.309,22.487,49.319,14.085,1.657,0,0.601
CAF17.8.14.2021,8.14.2021,August,CAF,Mid,17,"Medium Sand,Moderately Sorted,Coarse Skewed,Leptokurtic",997.006,1.666,0.171,1.18,1.23,0.736,-0.171,1.18,866.563,411.949,255.682,0.295,-610.882,0.524,-277.915,1.382,-0.466,Slightly Gravelly Sand,0,1.33,98.362,0.309,0,0,0,0,0.002,1.327,5.857,26.568,58.13,7.151,0.656,0,0.309
CAF11.8.14.2021,8.14.2021,August,CAF,Start,11,"Medium Sand,Moderately Sorted,Coarse Skewed,Leptokurtic",966.807,1.841,0.246,1.325,1.213,0.881,-0.246,1.325,998.581,402.912,228.769,0.229,-769.812,0.494,-302.358,1.423,-0.509,Slightly Gravelly Sand,0,3.965,95.978,0.057,0,0,0,0,1.799,2.166,6.004,22.79,55.355,10.575,1.254,0,0.057
Cal24.8.14.2021,8.14.2021,August,Cal,End,24,"Coarse Sand,Poorly Sorted,Very Coarse Skewed,Leptokurtic",1264.312,2.613,0.49,1.309,0.827,1.386,-0.49,1.309,2859.799,413.136,215.767,0.075,-2644.032,0.363,-512.528,1.661,-0.732,Gravelly Sand,0,14.051,85.914,0.035,0,0,0,0,6.199,7.851,7.855,14.401,49.739,13.362,0.557,0,0.035
Cal15.5.8.14.2021,8.14.2021,August,Cal,Mid,15.5,"Medium Sand,Moderately Sorted,Very Coarse Skewed,Leptokurtic",1159.977,1.961,0.316,1.283,1.057,0.972,-0.316,1.283,1436.243,430.919,254.136,0.177,-1182.107,0.461,-362.154,1.473,-0.559,Gravelly Sand,0,5.892,94.065,0.043,0,0,0,0,0.697,5.195,8.599,24.246,52.506,8.306,0.408,0,0.043
Cal1.8.14.2021,8.14.2021,August,Cal,Start,1,"Coarse Sand,Poorly Sorted,Coarse Skewed,Leptokurtic",917.436,2.97,0.217,1.142,0.998,1.57,-0.217,1.142,2346.255,416.418,136.315,0.058,-2209.94,0.269,-715.826,1.927,-0.946,Gravelly Sand,0,11.895,88.057,0.048,0,0,0,0,3.668,8.227,12.722,15.365,37.962,10.652,11.356,0,0.048
Kelly23.8.14.2021,8.14.2021,August,Kelly,End,23,"Medium Sand,Moderately Sorted,Coarse Skewed,Leptokurtic",890.278,1.933,0.273,1.324,1.232,0.951,-0.273,1.324,1177.217,387.54,200.948,0.171,-976.269,0.476,-307.355,1.449,-0.535,Slightly Gravelly Sand,0,4.186,95.682,0.132,0,0,0,0,1.313,2.873,7.604,18.674,53.149,14.553,1.703,0,0.132
Kelly8.5.8.14.2021,8.14.2021,August,Kelly,Mid,8.5,"Medium Sand,Moderately Sorted,Coarse Skewed,Leptokurtic",942.688,1.773,0.191,1.345,1.256,0.826,-0.191,1.345,881.958,404.142,232.066,0.263,-649.892,0.51,-284.012,1.4,-0.485,Slightly Gravelly Sand,0,3.979,95.965,0.056,0,0,0,0,1.951,2.028,3.608,25.347,55.577,9.952,1.48,0,0.056
Kelly2.8.14.2021,8.14.2021,August,Kelly,Start,2,"Medium Sand,Moderately Sorted,Symmetrical,Mesokurtic",1075.06,1.647,-0.04,1.031,1.188,0.72,0.04,1.031,839.406,444.744,250.048,0.298,-589.357,0.5,-310.718,1.415,-0.5,Slightly Gravelly Sand,0,0.26,99.167,0.573,0,0,0,0,0.041,0.22,4.946,36.659,48.148,7.526,1.887,0,0.573
CL22.8.25.2021,8.25.2021,August,CL,End,22,"Medium Sand,Poorly Sorted,Symmetrical,Very Leptokurtic",243.569,3.656,0.007,1.739,1.843,1.87,-0.007,1.739,1486.843,262.882,72.693,0.049,-1414.15,0.306,-346.654,1.807,-0.854,Gravelly Sand,0,7.328,85.52,7.152,0,0,0,0,2.104,5.224,6.247,11.402,26.979,23.367,17.525,0,7.152
CL8.8.25.2021,8.25.2021,August,CL,Mid,8,"Fine Sand,Poorly Sorted,Very Coarse Skewed,Very Leptokurtic",172.631,2.656,0.334,1.65,2.119,1.409,-0.334,1.65,1098.45,198.849,83.767,0.076,-1014.683,0.413,-200.294,1.555,-0.637,Gravelly Sand,0,6.511,91.675,1.814,0,0,0,0,1.51,5.001,4.036,7.722,12.237,42.375,25.306,0,1.814
CL5.8.25.2021,8.25.2021,August,CL,Start,5,"Fine Sand,Poorly Sorted,Symmetrical,Very Leptokurtic",95.557,2.66,-0.013,1.803,2.545,1.412,0.013,1.803,632.062,167.176,68.125,0.108,-563.937,0.416,-137.471,1.55,-0.632,Slightly Gravelly Sand,0,2.631,90.591,6.778,0,0,0,0,1.066,1.565,2.343,8.055,7.62,36.293,36.281,0,6.778
LL22.8.25.2021,8.25.2021,August,LL,End,22,"Coarse Sand,Very Poorly Sorted,Very Coarse Skewed,Mesokurtic",605.019,4.007,0.607,0.986,0.978,2.002,-0.607,0.986,4881.491,252.106,146.413,0.03,-4735.078,0.17,-890.869,2.423,-1.277,Gravelly Sand,0,19.98,78.337,1.683,0,0,0,0,14.032,5.949,5.594,7.844,16.785,39.428,8.687,0,1.683
LL13.8.25.2021,8.25.2021,August,LL,Mid,13,"Fine Sand,Very Poorly Sorted,Fine Skewed,Very Leptokurtic",43.927,5.28,-0.272,2.412,2.831,2.4,0.272,2.412,868.855,177.739,8.491,0.01,-860.364,0.338,-162.189,1.721,-0.783,Slightly Gravelly Muddy Sand,0,4.01,76.723,19.267,0,0,0,0,1.236,2.774,4.442,7.609,7.337,38.8,18.534,0,19.267
LL4.8.25.2021,8.25.2021,August,LL,Start,4,"Fine Sand,Poorly Sorted,Very Coarse Skewed,Very Leptokurtic",249.975,2.189,0.494,2.987,2.018,1.13,-0.494,2.987,874.524,205.995,126.882,0.145,-747.642,0.63,-98.87,1.26,-0.333,Gravelly Sand,0,6.049,93.367,0.584,0,0,0,0,3.009,3.041,2.983,5.852,11.186,61.5,11.845,0,0.584
Poco21.8.25.2021,8.25.2021,August,Poco,End,21,"Medium Sand,Poorly Sorted,Coarse Skewed,Leptokurtic",220.553,2.823,0.206,1.176,1.929,1.497,-0.206,1.176,1229.762,240.251,80.48,0.065,-1149.282,0.289,-351.048,1.859,-0.894,Gravelly Sand,0,5.807,90.585,3.609,0,0,0,0,2.153,3.653,5.977,12.811,23.372,25.436,22.988,0,3.609
Poco15.5.8.25.2021,8.25.2021,August,Poco,Mid,15.5,"Fine Sand,Very Poorly Sorted,Very Fine Skewed,Leptokurtic",26.711,7.694,-0.319,1.495,2.97,2.944,0.319,1.495,1207.276,206.024,5.315,0.004,-1201.961,0.142,-390.219,2.654,-1.408,Gravelly Muddy Sand,0,6.741,68.665,24.594,0,0,0,0,3.221,3.52,4.475,10.913,20.994,17.687,14.596,0,24.594
Poco2.8.25.2021,8.25.2021,August,Poco,Start,2,"Medium Sand,Poorly Sorted,Coarse Skewed,Very Leptokurtic",358.001,2.591,0.264,1.555,1.721,1.373,-0.264,1.555,1188.007,265.624,97.024,0.082,-1090.984,0.368,-302.243,1.649,-0.722,Gravelly Sand,0,6.756,88.781,4.463,0,0,0,0,3.548,3.208,4.318,12.013,29.493,31.665,11.292,0,4.463
RH19.8.25.2021,8.25.2021,August,RH,End,19,"Medium Sand,Poorly Sorted,Very Coarse Skewed,Leptokurtic",387.839,2.532,0.703,1.132,1.561,1.34,-0.703,1.132,1953.746,229.089,160.123,0.082,-1793.623,0.316,-397.171,1.78,-0.832,Gravelly Sand,0,9.789,90.11,0.101,0,0,0,0,4.409,5.38,6.265,11.567,12.624,55.569,4.085,0,0.101
RH14.5.8.25.2021,8.25.2021,August,RH,Mid,14.5,"Medium Sand,Poorly Sorted,Very Coarse Skewed,Very Leptokurtic",205.926,3.435,0.412,1.501,1.876,1.78,-0.412,1.501,2919.041,208.533,79.349,0.027,-2839.692,0.302,-324.541,1.82,-0.864,Gravelly Sand,0,12.042,84.029,3.93,0,0,0,0,8.299,3.743,3.656,7.908,13.262,36.029,23.173,0,3.93
RH9.8.25.2021,8.25.2021,August,RH,Start,9,"Fine Sand,Poorly Sorted,Symmetrical,Very Leptokurtic",60.652,3.594,0.058,2.145,2.752,1.845,-0.058,2.145,655.338,124.23,23.607,0.036,-631.731,0.35,-145.784,1.691,-0.758,Slightly Gravelly Muddy Sand,0,3.161,83.758,13.082,0,0,0,0,1.437,1.723,2.382,7.893,7.637,17.958,47.888,0,13.082
CL24.9.23.2021,9.23.2021,September,CL,End,24,"Medium Sand,Moderately Well Sorted,Coarse Skewed,Leptokurtic",1085.195,1.618,0.284,1.211,1.191,0.694,-0.284,1.211,885.293,422.993,273.108,0.308,-612.185,0.548,-265.057,1.35,-0.433,Slightly Gravelly Sand,0,3.03,96.941,0.028,0,0,0,0,0.711,2.32,5.062,26.615,63.375,1.821,0.068,0,0.028
CL12.5.9.23.2021,9.23.2021,September,CL,Mid,12.5,"Coarse Sand,Poorly Sorted,Very Coarse Skewed,Very Leptokurtic",1450.78,2.058,0.332,1.865,0.969,1.041,-0.332,1.865,1825.791,495.237,280.507,0.154,-1545.284,0.516,-325.962,1.392,-0.478,Gravelly Sand,0,9.498,90.485,0.017,0,0,0,0,8.496,1.002,3.817,36.011,48.776,1.826,0.055,0,0.017
CL1.9.23.2021,9.23.2021,September,CL,Start,1,"Medium Sand,Moderately Sorted,Coarse Skewed,Very Leptokurtic",1118.726,1.834,0.294,1.586,1.167,0.875,-0.294,1.586,957.695,439.386,265.79,0.278,-691.905,0.52,-295.767,1.386,-0.471,Gravelly Sand,0,6.235,93.686,0.079,0,0,0,0,4.264,1.97,3.027,30.455,55.157,4.755,0.292,0,0.079
LL24.9.23.2021,9.23.2021,September,LL,End,24,"Fine Sand,Very Poorly Sorted,Coarse Skewed,Mesokurtic",46.757,10.735,0.102,1.021,2.241,3.424,-0.102,1.021,4159.352,142.84,7.036,0.002,-4152.316,0.045,-1475.974,4.688,-2.229,Gravelly Muddy Sand,0,21.991,56.908,21.101,0,0,0,0,10.597,11.394,8.106,5.872,3.882,7.954,31.093,0,21.101
LL8.5.9.23.2021,9.23.2021,September,LL,Mid,8.5,"Medium Sand,Very Poorly Sorted,Coarse Skewed,Mesokurtic",248.536,7.202,0.118,0.999,1.441,2.848,-0.118,0.999,4089.334,245.687,30.839,0.008,-4058.494,0.058,-1548.742,4.16,-2.056,Gravelly Muddy Sand,0,21.882,66.049,12.069,0,0,0,0,10.329,11.553,11.017,7.722,9.009,10.577,27.724,0,12.069
LL1.9.23.2021,9.23.2021,September,LL,Start,1,"Coarse Sand,Very Poorly Sorted,Symmetrical,Mesokurtic",582.092,8.211,-0.082,0.929,0.892,3.038,0.082,0.929,5512.04,470.825,26.004,0.005,-5486.036,0.042,-2798.606,4.873,-2.285,Muddy Sandy Gravel,0,32.712,54.592,12.696,0,0,0,0,18.608,14.104,9.211,7.204,10.063,11.921,16.193,0,12.696
Poco18.9.23.2021,9.23.2021,September,Poco,End,18,"Medium Sand,Very Poorly Sorted,Fine Skewed,Leptokurtic",228.235,9.566,-0.17,1.278,1.441,3.258,0.17,1.278,4636.405,400.682,9.706,0.002,-4626.699,0.088,-1639.899,3.377,-1.756,Gravelly Muddy Sand,0,23.536,58.319,18.145,0,0,0,0,12.707,10.829,9.507,10.584,19.947,12.326,5.954,0,18.145
Poco11.5.9.23.2021,9.23.2021,September,Poco,Mid,11.5,"Medium Sand,Very Poorly Sorted,Fine Skewed,Leptokurtic",219.027,9.028,-0.14,1.227,1.494,3.174,0.14,1.227,4277.958,364.455,10.253,0.002,-4267.705,0.081,-1465.174,3.513,-1.813,Gravelly Muddy Sand,0,21.969,60.31,17.722,0,0,0,0,11.073,10.896,9.268,10.436,18.254,13.422,8.93,0,17.722
Poco2.9.23.2021,9.23.2021,September,Poco,Start,2,"Coarse Sand,Very Poorly Sorted,Fine Skewed,Mesokurtic",628.845,8.011,-0.104,1.074,0.878,3.002,0.104,1.074,5268.188,491.354,22.353,0.004,-5245.835,0.063,-2446.414,3.979,-1.993,Muddy Sandy Gravel,0,30.258,56.432,13.31,0,0,0,0,16.592,13.666,9.576,9.751,16.465,10.701,9.939,0,13.31
RH24.9.23.2021,9.23.2021,September,RH,End,24,"Fine Sand,Very Poorly Sorted,Symmetrical,Mesokurtic",43.678,12.432,-0.071,0.956,2.259,3.636,0.071,0.956,4179.721,206.414,5.304,0.001,-4174.417,0.035,-1777.454,5.365,-2.423,Gravelly Muddy Sand,0,23.811,51.564,24.625,0,0,0,0,10.677,13.134,9.977,7.152,6.474,6.716,21.245,0,24.625
RH11.5.9.23.2021,9.23.2021,September,RH,Mid,11.5,"Very Coarse Sand,Very Poorly Sorted,Very Fine Skewed,Platykurtic",3044.243,9.198,-0.613,0.9,-0.001,3.201,0.613,0.9,6669.214,2220.482,19.134,0.003,-6650.08,0.034,-4904.548,5.436,-2.442,Muddy Sandy Gravel,0,52.115,33.88,14.005,0,0,0,0,38.098,14.017,8.22,5.337,5.307,5.334,9.682,0,14.005
RH4.9.23.2021,9.23.2021,September,RH,Start,4,"Coarse Sand,Very Poorly Sorted,Very Fine Skewed,Platykurtic",1553.446,8.569,-0.422,0.834,0.375,3.099,0.422,0.834,6014.864,1220.045,27.131,0.005,-5987.733,0.029,-3786.317,5.873,-2.554,Muddy Sandy Gravel,0,43.26,44.206,12.534,0,0,0,0,24.303,18.956,9.453,5.923,4.714,5.341,18.775,0,12.534
